"Date","SoilType","PlantID","Sensor","Depth","Value","Flag"
"2026-06-11","TCAL","0001","T",10,25.8,NA
"2026-06-11","TCAL","0001","T",18,25,NA
"2026-06-11","TCAL","0001","M",12,8.7,NA
"2026-06-11","TCAL","0001","M",20,12.6,NA
"2026-06-11","TCAL","2390","T",10,26.2,NA
"2026-06-11","TCAL","2390","T",20,25,NA
"2026-06-11","TCAL","2390","M",12,3.2,NA
"2026-06-11","TCAL","2390","M",20,4.8,NA
"2026-06-11","TCAL","2233","T",10,25.6,NA
"2026-06-11","TCAL","2233","T",20,24.9,NA
"2026-06-11","TCAL","2233","M",12,20.2,NA
"2026-06-11","TCAL","2233","M",20,26.9,NA
"2026-06-11","TCAL","0002","T",10,24.3,NA
"2026-06-11","TCAL","0002","T",15,23.9,NA
"2026-06-11","TCAL","0002","M",12,24.1,NA
"2026-06-11","TCAL","0002","M",20,27.8,NA
"2026-06-11","TCAM","2274","M",12,15,NA
"2026-06-11","TCAM","2274","M",20,16.3,NA
"2026-06-11","TCAM","2274","T",10,31.1,NA
"2026-06-11","TCAM","2274","M",20,14.2,NA
"2026-06-11","TCAM","2274","M",20,19,NA
"2026-06-11","TCAM","2274","M",12,15.2,NA
"2026-06-11","TCAM","2274","M",12,7,NA
"2026-06-11","TCAM","2274","T",15,29.6,NA
"2026-06-11","TCAM","2274","T",20,28.4,NA
"2026-06-11","TCAM","2286","M",12,8.1,NA
"2026-06-11","TCAM","2286","M",12,7.7,NA
"2026-06-11","TCAM","2286","M",12,6.8,NA
"2026-06-11","TCAM","2286","T",10,24.7,NA
"2026-06-11","TCAM","2286","T",15,24.2,NA
"2026-06-11","TCAM","2286","T",20,24,NA
"2026-06-11","TCAM","2286","M",20,13.6,NA
"2026-06-11","TCAM","2286","M",20,11.8,NA
"2026-06-11","TCAM","2286","M",20,9.1,NA
"2026-06-11","TCAM","2404","T",10,25,NA
"2026-06-11","TCAM","2404","M",12,11.6,NA
"2026-06-11","TCAM","2404","M",12,8.4,NA
"2026-06-11","TCAM","2404","M",12,4.8,NA
"2026-06-11","TCAM","2404","M",20,13.5,NA
"2026-06-11","TCAM","2404","M",20,12.1,NA
"2026-06-11","TCAM","2404","M",20,10,NA
"2026-06-11","TCAM","2005","M",12,8.4,NA
"2026-06-11","TCAM","2005","M",12,9.1,NA
"2026-06-11","TCAM","2005","M",12,14.7,NA
"2026-06-11","TCAM","2005","M",20,16.1,NA
"2026-06-11","TCAM","2005","M",20,12.9,NA
"2026-06-11","TCAM","2005","M",20,11.8,NA
"2026-06-11","TCAM","2036","M",12,5.8,NA
"2026-06-11","TCAM","2036","M",12,8.1,NA
"2026-06-11","TCAM","2036","M",12,8.5,NA
"2026-06-11","TCAM","2036","M",20,10.9,NA
"2026-06-11","TCAM","2036","M",20,10.4,NA
"2026-06-11","TCAM","2036","M",20,12.5,NA
"2026-06-12","PSAM","2091","M",12,6.4,NA
"2026-06-12","PSAM","2091","M",12,5.5,NA
"2026-06-12","PSAM","2091","M",12,7.7,NA
"2026-06-12","PSAM","2091","M",20,4.7,NA
"2026-06-12","PSAM","2091","M",20,5.9,NA
"2026-06-12","PSAM","2091","M",20,5.6,NA
"2026-06-12","PSAM","2106","M",12,8.6,NA
"2026-06-12","PSAM","2106","M",12,8.9,NA
"2026-06-12","PSAM","2106","M",12,7.7,NA
"2026-06-12","PSAM","2106","M",20,8.1,NA
"2026-06-12","PSAM","2106","M",20,10.1,NA
"2026-06-12","PSAM","2106","M",20,9.2,NA
"2026-06-12","PSAM","2139","M",12,10.2,NA
"2026-06-12","PSAM","2139","M",12,8.8,NA
"2026-06-12","PSAM","2139","M",12,8.4,NA
"2026-06-12","PSAM","2139","M",20,9.9,NA
"2026-06-12","PSAM","2139","M",20,9.2,NA
"2026-06-12","PSAM","2139","M",20,11.7,NA
"2026-06-12","PSAM","2144","M",12,8.2,NA
"2026-06-12","PSAM","2144","M",12,7.9,NA
"2026-06-12","PSAM","2144","M",12,7.5,NA
"2026-06-12","PSAM","2144","M",20,10.9,NA
"2026-06-12","PSAM","2144","M",20,11.3,NA
"2026-06-12","PSAM","2144","M",20,12.9,NA
"2026-06-12","PSAM","2129","M",12,5.3,NA
"2026-06-12","PSAM","2129","M",12,5.1,NA
"2026-06-12","PSAM","2129","M",12,3.9,NA
"2026-06-12","PSAM","2129","M",20,4.5,NA
"2026-06-12","PSAM","2129","M",20,5,NA
"2026-06-12","PSAM","2129","M",20,6.3,NA
"2026-06-12","PSAM","2417","M",12,8.1,NA
"2026-06-12","PSAM","2417","M",12,7.3,NA
"2026-06-12","PSAM","2417","M",12,7.6,NA
"2026-06-12","PSAM","2417","M",20,7.6,NA
"2026-06-12","PSAM","2417","M",20,7.6,NA
"2026-06-12","PSAM","2417","M",20,6.6,NA
"2026-06-12","PSAM","0003","M",12,5.1,NA
"2026-06-12","PSAM","0003","M",12,4.6,NA
"2026-06-12","PSAM","0003","M",12,4.6,NA
"2026-06-12","PSAM","0003","M",20,5.7,NA
"2026-06-12","PSAM","0003","M",20,7.3,NA
"2026-06-12","PSAM","0003","M",20,5.9,NA
"2026-06-12","THCL","2111","M",12,5.5,NA
"2026-06-12","THCL","2111","M",12,9.1,NA
"2026-06-12","THCL","2111","M",12,9.6,NA
"2026-06-12","THCL","2111","M",20,7.7,NA
"2026-06-12","THCL","2111","M",20,6.7,NA
"2026-06-12","THCL","2111","M",20,4.9,NA
"2026-06-12","THCL","2079","M",12,14.8,NA
"2026-06-12","THCL","2079","M",12,13.3,NA
"2026-06-12","THCL","2079","M",12,11.4,NA
"2026-06-12","THCL","2079","M",20,10.4,NA
"2026-06-12","THCL","2079","M",20,15.6,NA
"2026-06-12","THCL","2079","M",20,14.4,NA
"2026-06-12","THCL","2298","M",12,17.4,NA
"2026-06-12","THCL","2298","M",12,29.4,NA
"2026-06-12","THCL","2298","M",12,28.1,NA
"2026-06-12","THCL","2298","M",20,29.1,NA
"2026-06-12","THCL","2298","M",20,40.9,NA
"2026-06-12","THCL","2298","M",20,37.9,NA
"2026-06-12","TCAM","2005","M",12,8.7,NA
"2026-06-12","TCAM","2005","M",12,10.1,NA
"2026-06-12","TCAM","2005","M",12,11.6,NA
"2026-06-12","TCAM","2005","M",20,11.6,NA
"2026-06-12","TCAM","2005","M",20,13.5,NA
"2026-06-12","TCAM","2005","M",20,18.6,NA
"2026-06-12","THSL","2014","M",12,11.2,NA
"2026-06-12","THSL","2014","M",12,12.6,NA
"2026-06-12","THSL","2014","M",12,11.3,NA
"2026-06-12","THSL","2014","M",20,16.3,NA
"2026-06-12","THSL","2014","M",20,12.9,NA
"2026-06-12","THSL","2014","M",20,14.9,NA
"2026-06-12","THSL","2085","M",12,9.4,NA
"2026-06-12","THSL","2085","M",12,8,NA
"2026-06-12","THSL","2085","M",12,7.6,NA
"2026-06-12","THSL","2085","M",20,11.4,NA
"2026-06-12","THSL","2085","M",20,11.2,NA
"2026-06-12","THSL","2085","M",20,15.4,NA
"2026-06-16","TCAL","0001","M",12,10.9,NA
"2026-06-16","TCAL","0001","M",12,12.2,NA
"2026-06-16","TCAL","0001","M",12,9.2,NA
"2026-06-16","TCAL","0001","M",20,13.2,NA
"2026-06-16","TCAL","0001","M",20,13.1,NA
"2026-06-16","TCAL","0001","M",20,17.2,NA
"2026-06-16","TCAL","2390","M",12,11.5,NA
"2026-06-16","TCAL","2390","M",12,15.4,NA
"2026-06-16","TCAL","2390","M",12,10.1,NA
"2026-06-16","TCAL","2390","M",20,18.5,NA
"2026-06-16","TCAL","2390","M",20,20.2,NA
"2026-06-16","TCAL","2390","M",20,17.2,NA
"2026-06-16","TCAL","2234","M",12,18.9,NA
"2026-06-16","TCAL","2234","M",12,18.7,NA
"2026-06-16","TCAL","2234","M",12,18.6,NA
"2026-06-16","TCAL","2234","M",20,26.5,NA
"2026-06-16","TCAL","2234","M",20,24.5,NA
"2026-06-16","TCAL","2234","M",20,24.4,NA
"2026-06-16","TCAL","2233","M",12,18.9,NA
"2026-06-16","TCAL","2233","M",12,18.7,NA
"2026-06-16","TCAL","2233","M",12,18.6,NA
"2026-06-16","TCAL","2233","M",20,26.5,NA
"2026-06-16","TCAL","2233","M",20,24.5,NA
"2026-06-16","TCAL","2233","M",20,24.4,NA
"2026-06-16","TCAM","0004","M",12,19.2,NA
"2026-06-16","TCAM","0004","M",12,10.9,NA
"2026-06-16","TCAM","0004","M",12,11.4,NA
"2026-06-16","TCAM","0004","M",20,18,NA
"2026-06-16","TCAM","0004","M",20,14.1,NA
"2026-06-16","TCAM","0004","M",20,11.4,NA
"2026-06-16","TCAM","2274","M",12,14.5,NA
"2026-06-16","TCAM","2274","M",12,12,NA
"2026-06-16","TCAM","2274","M",12,12.3,NA
"2026-06-16","TCAM","2274","M",20,16.5,NA
"2026-06-16","TCAM","2274","M",20,11.5,NA
"2026-06-16","TCAM","2274","M",20,14.9,NA
"2026-06-16","TCAL","0002","M",12,32.9,NA
"2026-06-16","TCAL","0002","M",12,30.2,NA
"2026-06-16","TCAL","0002","M",12,29.9,NA
"2026-06-16","TCAL","0002","M",20,31.5,NA
"2026-06-16","TCAL","0002","M",20,25.1,NA
"2026-06-16","TCAL","0002","M",20,27.9,NA
"2026-06-16","PSAM","2106","M",12,8.8,NA
"2026-06-16","PSAM","2106","M",12,7.5,NA
"2026-06-16","PSAM","2106","M",12,7.1,NA
"2026-06-16","PSAM","2106","M",20,8.8,NA
"2026-06-16","PSAM","2106","M",20,9.5,NA
"2026-06-16","PSAM","2106","M",20,8.4,NA
"2026-06-16","PSAM","2139","M",12,7.3,NA
"2026-06-16","PSAM","2139","M",12,5.9,NA
"2026-06-16","PSAM","2139","M",12,7,NA
"2026-06-16","PSAM","2139","M",20,9.9,NA
"2026-06-16","PSAM","2139","M",20,10.5,NA
"2026-06-16","PSAM","2139","M",20,8.3,NA
"2026-06-16","PSAM","2144","M",12,7.4,NA
"2026-06-16","PSAM","2144","M",12,5.9,NA
"2026-06-16","PSAM","2144","M",12,8.8,NA
"2026-06-16","PSAM","2144","M",20,10.6,NA
"2026-06-16","PSAM","2144","M",20,10.2,NA
"2026-06-16","PSAM","2144","M",20,10.3,NA
"2026-06-16","PSAM","2091","M",12,6.3,NA
"2026-06-16","PSAM","2091","M",12,6.1,NA
"2026-06-16","PSAM","2091","M",12,8.4,NA
"2026-06-16","PSAM","2091","M",20,4.9,NA
"2026-06-16","PSAM","2091","M",20,5.2,NA
"2026-06-16","PSAM","2091","M",20,4.6,NA
"2026-06-16","PSAM","2417","M",12,5.2,NA
"2026-06-16","PSAM","2417","M",12,4.8,NA
"2026-06-16","PSAM","2417","M",12,4.6,NA
"2026-06-16","PSAM","2417","M",20,6.3,NA
"2026-06-16","PSAM","2417","M",20,5.4,NA
"2026-06-16","PSAM","2417","M",20,5.1,NA
"2026-06-16","PSAM","2129","M",12,2.8,NA
"2026-06-16","PSAM","2129","M",12,2.5,NA
"2026-06-16","PSAM","2129","M",12,2.7,NA
"2026-06-16","PSAM","2129","M",20,2.3,NA
"2026-06-16","PSAM","2129","M",20,2.2,NA
"2026-06-16","PSAM","2129","M",20,2.8,NA
"2026-06-16","PSAM","0003","M",12,2.6,NA
"2026-06-16","PSAM","0003","M",12,3.6,NA
"2026-06-16","PSAM","0003","M",12,1.8,NA
"2026-06-16","PSAM","0003","M",20,2.9,NA
"2026-06-16","PSAM","0003","M",20,2.3,NA
"2026-06-16","PSAM","0003","M",20,3.2,NA
"2026-06-16","THCL","2079","M",12,8.1,NA
"2026-06-16","THCL","2079","M",12,6.4,NA
"2026-06-16","THCL","2079","M",12,10.4,NA
"2026-06-16","THCL","2079","M",20,15.4,NA
"2026-06-16","THCL","2079","M",20,15.9,NA
"2026-06-16","THCL","2079","M",20,13.7,NA
"2026-06-16","TCAM","2404","M",12,14.1,NA
"2026-06-16","TCAM","2404","M",12,13.6,NA
"2026-06-16","TCAM","2404","M",12,13.3,NA
"2026-06-16","TCAM","2404","M",20,13.8,NA
"2026-06-16","TCAM","2404","M",20,14.6,NA
"2026-06-16","TCAM","2404","M",20,15.6,NA
"2026-06-16","TCAM","2286","M",12,11,NA
"2026-06-16","TCAM","2286","M",12,8.9,NA
"2026-06-16","TCAM","2286","M",12,11.1,NA
"2026-06-16","TCAM","2286","M",20,12.1,NA
"2026-06-16","TCAM","2286","M",20,10.8,NA
"2026-06-16","TCAM","2286","M",20,19.6,NA
"2026-06-16","TCAM","2036","M",12,14.1,NA
"2026-06-16","TCAM","2036","M",12,13.8,NA
"2026-06-16","TCAM","2036","M",12,11.2,NA
"2026-06-16","TCAM","2036","M",20,33.3,NA
"2026-06-16","TCAM","2036","M",20,15.8,NA
"2026-06-16","TCAM","2036","M",20,16.1,NA
"2026-06-16","TCAM","2005","M",12,9.1,NA
"2026-06-16","TCAM","2005","M",12,11.3,NA
"2026-06-16","TCAM","2005","M",12,10.9,NA
"2026-06-16","TCAM","2005","M",20,14.5,NA
"2026-06-16","TCAM","2005","M",20,11.6,NA
"2026-06-16","TCAM","2005","M",20,10.9,NA
"2026-06-16","THSL","2010","M",12,15.8,NA
"2026-06-16","THSL","2010","M",12,18.9,NA
"2026-06-16","THSL","2010","M",12,16.1,NA
"2026-06-16","THSL","2010","M",20,17.6,NA
"2026-06-16","THSL","2010","M",20,17.6,NA
"2026-06-16","THSL","2010","M",20,19.6,NA
"2026-06-16","THSL","2014","M",12,8.1,NA
"2026-06-16","THSL","2014","M",12,9.2,NA
"2026-06-16","THSL","2014","M",12,9.7,NA
"2026-06-16","THSL","2014","M",20,9.9,NA
"2026-06-16","THSL","2014","M",20,11.7,NA
"2026-06-16","THSL","2014","M",20,14.1,NA
"2026-06-16","THSL","2085","M",12,7,NA
"2026-06-16","THSL","2085","M",12,8.4,NA
"2026-06-16","THSL","2085","M",12,8.5,NA
"2026-06-16","THSL","2085","M",20,10.8,NA
"2026-06-16","THSL","2085","M",20,10.1,NA
"2026-06-16","THSL","2085","M",20,13.3,NA
